PERIODO,PESO_5,VALOR_13,VALOR_12,PESO_20,PESO_13,VALOR_16,VALOR_7,PESO_9,NUM_OPERACIONES_21,VALOR_22,VALOR_5,VALOR_18,NUM_OPERACIONES_10,PESO_11,NUM_OPERACIONES_18,PESO_12,VALOR_11,PESO_2,NUM_OPERACIONES_20,VALOR_1,p_mes,VALOR_20,VALOR_14,VALOR_21,PESO_18,VALOR_9,NUM_OPERACIONES_8,NUM_OPERACIONES_14,PIB,w_racha_dir,PESO_14,PESO_3,PESO_4,NUM_OPERACIONES_11,NUM_OPERACIONES_17,PESO_19,PESO_1,NUM_OPERACIONES_3,VALOR_19,w_racha_speed,VALOR_2,PESO_22,NUM_OPERACIONES_4,VALOR_23,PESO_21,PESO_16,PESO_7,NUM_OPERACIONES_9,PESO_8,VALOR_4,NUM_OPERACIONES_2,NUM_OPERACIONES_19,NUM_OPERACIONES_16,NUM_OPERACIONES_6,PESO_6,VALOR_6,NUM_OPERACIONES_15
Ene/14,548,1937.5,17514.24,143638,55,61603.0,2401921.78,356574,21,6039811.45,29738.11,166793.11,17,105220,85,52,14937.01,20480,28,0.0,130.3,167085.94,0.0,18661.05,66873,776344.18,109,0,315945.0,25.0,0,1762044,241076,3,47,62751,0,1484,97386.64,27.5,161590.43,1703954,39,5448839.55,6617,19531,4647664,22,4881769,307944.95,17,43,6,73,82888,279151.61,2
Feb/14,1229,0.0,67108.58,65657,0,27278.9,1655281.35,230837,26,4818733.47,24001.95,35024.61,1,1200,66,4342,1964.74,28357,16,15667.68,57.0,61181.16,34545.25,99011.74,22842,516820.13,81,2,315945.0,24.0,96000,2766260,187323,1,38,50824,1617,1366,83255.82,26.4,209912.23,1447727,42,6493372.31,33642,11459,4155779,19,2714580,358730.54,29,32,4,67,63321,260493.1,4
Mar/14,1193,368.83,1216508.93,94866,27,27816.32,1786331.34,500038,23,2192913.45,64545.32,70692.53,1,1500,105,3658415,2455.92,39998,24,20771.54,136.6,76562.04,13546.11,112439.46,32650,877979.94,150,2,315945.0,9.0,47196,2333843,444362,1,44,107387,2168,1498,184541.36,26.1,236089.89,1198703,45,1608188.47,67635,12158,3138319,22,5409042,497602.91,32,40,4,68,46103,209256.66,9
Abr/14,187,0.0,1201124.38,92569,0,78150.24,893340.16,606667,34,1937532.81,3185.68,92977.87,4,900,111,3700784,1473.55,116501,30,6388.48,50.9,112647.58,4.46,81833.83,34089,840743.75,100,1,297470.0,8.0,3,3097984,409998,1,49,55005,105,1610,105226.86,21.1,375152.33,1011141,44,3812957.3,44268,28462,1067706,26,3577522,421632.82,35,60,10,73,88988,362817.79,7
May/14,29,1457.0,2636220.25,77189,44,50693.57,1256485.08,503768,33,2685633.04,428.45,88783.02,7,319,81,6227038,578.18,185644,25,41020.21,21.25,108733.24,4.95,112194.13,29195,832230.37,131,1,297470.0,8.0,3,3963593,685920,3,55,38643,2062,1717,92303.36,23.9,504055.77,1276184,44,8669278.36,71291,21786,2041205,25,4960589,583072.45,47,47,7,83,42393,224233.91,10
Jun/14,573,349.52,38862.69,86355,12,280549.52,970033.02,693137,21,2265681.81,53013.97,126107.12,1,0,77,15208,0.0,207717,21,22339.94,3.65,104334.73,62212.72,128199.72,192723,1192055.67,95,6,297470.0,7.5,238800,2522715,189545,0,50,38531,587,1846,101545.32,22.275,462882.72,1204089,51,5347715.15,64676,545455,1185563,21,3183716,331653.58,42,50,8,65,75529,313793.86,8
Jul/14,635,249.75,10346.71,86338,5,34166.28,346785.12,298560,60,3423755.82,20140.22,71473.86,4,10,76,62,44.9,69638,42,84238.84,0.0,128309.06,67854.2,82392.08,186357,551420.14,108,7,305414.0,9.0,208281,4108531,217618,1,43,40679,6630,1850,95298.94,20.3,305748.28,1414412,40,5640647.76,46668,15272,522566,15,3571043,312038.54,47,48,4,73,78129,342811.55,9
Ago/14,552,0.0,3316566.41,132588,0,310213.91,322318.33,415620,24,1571131.23,4619.08,133720.14,11,5,74,8255646,22.0,130697,24,32908.79,0.0,164203.62,8353.69,96442.52,34248,712998.23,92,3,305414.0,8.0,25654,2936590,241065,1,45,51097,1684,1976,123634.86,23.3,304393.69,524732,38,5985232.27,83912,57403,483511,22,2264675,339246.04,32,53,9,71,215338,418859.15,8
Sep/14,523,0.0,1962342.34,85543,0,136555.26,1175157.28,458369,24,4576294.51,9102.11,88221.58,7,0,84,6223419,0.0,185205,23,243845.94,30.1,110330.23,4052.74,86975.48,26368,865520.8,96,2,305414.0,8.0,416,2658460,199440,0,73,34069,101870,2233,77717.12,18.9,438761.73,1808937,41,6199241.54,45050,42629,3487390,20,2628656,305915.67,45,58,13,65,160939,489253.85,6
Oct/14,1029,249.75,216697.53,4485307,5,103959.88,288826.66,387928,27,2117754.69,48191.85,83245.74,3,7,83,44481,28.0,255211,23,51126.03,19.5,1219691.61,52.16,85302.97,25554,686482.52,85,2,288049.0,25.0,31,2412506,659723,1,49,39921,17036,1322,90621.52,27.5,620608.23,1298093,41,10058530.25,43689,40055,370727,18,2915206,595368.81,42,52,12,98,159034,587647.93,15
Nov/14,19371,975.22,3991256.95,70125,24,118634.36,828503.13,457138,26,2756566.53,100656.17,40190.06,6,18732,67,12860812,7008.48,110813,20,47084.54,109.63333333333333,81019.23,0.0,83459.77,24182,768531.69,80,0,288049.0,24.0,0,2604390,225647,2,44,41580,17001,1506,79545.29,25.6,340936.98,1339104,40,5817757.11,69527,44103,872888,20,2130878,370278.74,31,36,7,90,132230,404178.42,5
Dic/14,552,0.0,175245.26,60164,0,70932.9,2344853.62,191601,21,4482450.64,26646.63,78376.61,10,10,88,256787,44.0,135941,19,0.0,45.0,69373.63,0.0,100302.51,26001,548011.7,110,0,288049.0,7.0,0,3480015,141836,2,69,34849,0,1646,65425.25,20.3,438266.03,1440375,35,10327555.47,65717,30769,5614224,13,2842649,230892.06,52,49,6,81,171731,422897.86,5
Ene/15,43505,35331.62,1856111.81,80829,6008,61334.01,1837807.93,367543,36,1582670.81,181107.86,183803.88,14,0,77,4819602,0.0,102450,25,8489.9,40.8,86375.79,0.0,43791.68,41235,749606.91,85,0,305396.0,26.0,0,1950189,188678,0,59,41417,2000,1180,87151.41,21.7,237568.95,883962,36,7298343.69,27101,24371,3253263,14,2021697,257511.91,35,46,4,47,76514,270164.29,6
Feb/15,1107,0.0,36046.05,71119,0,46562.74,1496609.4,235563,35,1496773.47,63296.53,52634.11,8,12,64,5546,54.0,74962,19,0.0,35.5,103355.56,0.0,89754.32,24945,490356.57,115,0,305396.0,8.0,0,2519919,137461,1,52,29614,0,1344,65983.8,22.8,327530.69,1080091,41,10635805.21,44199,15465,2556898,16,2724975,294683.31,28,48,11,67,60491,260242.76,8
Mar/15,22510,0.0,51312.38,99205,0,92210.44,1862912.7,347303,45,1361495.97,91017.51,119444.75,18,35,68,72285,178.0,252929,22,42208.93,169.2,109192.22,74.75,139159.92,43353,799378.13,108,1,305396.0,9.0,64,2224967,139512,3,58,48652,2700,1719,155875.81,25.3,361519.44,735355,33,9438437.0,50004,44547,3835614,13,2532024,238468.01,59,49,5,71,71665,349717.52,12
Abr/15,551,0.0,44976.9,65707,0,63346.45,2906669.79,213197,121,1741482.85,41644.74,116629.73,17,447,131,29643,1171.04,94778,126,14000.0,14.0,76507.03,100.56,89954.29,41501,500402.77,107,3,287460.0,7.0,10,2952080,133677,17,84,41543,2000,1840,88474.03,26.4,350681.69,752049,174,7379099.82,47244,19603,8493951,31,2613045,232682.21,86,348,123,50,55843,251952.59,25
May/15,1248,4724.0,55722.25,75700,400,81277.62,1856177.62,419606,167,1454869.45,22151.35,186778.65,15,229,109,75956,286.11,316817,172,97092.68,6.0,82114.92,165.76,62028.74,63870,816854.08,113,3,287460.0,8.0,172,2458775,103458,10,78,45951,39953,1711,92561.84,21.7,441468.15,1009582,156,5501257.11,22980,27337,2450521,32,2828411,212836.04,87,336,119,88,64638,327853.0,15
Jun/15,826,17808.96,78756.74,120337,200,99721.73,857588.29,362615,176,2794516.46,49362.51,221603.55,17,169,115,64713,398.44,132242,166,11261.3,12.5,143441.29,0.0,143771.65,45300,639226.88,85,0,287460.0,7.0,0,2286615,5475,13,99,736324,529,2016,121769.8,22.2,268627.52,1390818,145,2856043.47,52798,35122,853642,33,2218496,16929.33,97,342,102,66,43366,274937.74,24
Jul/15,159,499.5,6380945.91,77365,10,98346.39,738247.03,545395,188,4323053.04,3437.58,125387.42,14,119,89,20001427,272.58,43902,154,0.0,0.0,91002.79,16.02,252846.56,33178,1018063.8,96,1,295595.0,6.0,8,2428946,526731,9,95,75157,0,1720,165427.15,22.5,245927.8,1270742,177,5668553.47,67954,27450,538373,31,2455954,369083.21,98,313,107,70,65672,306142.15,17
Ago/15,257,2386.59,6960597.86,73581,230,70409.51,177614.13,436977,188,1729342.32,4643.49,145118.86,46,197,104,20694062,245.11,36142,162,0.0,0.3,90332.68,62650.69,59528.48,45260,974217.06,76,6,295595.0,8.0,187738,2933278,547240,10,100,84152,0,2123,305490.19,21.9,249969.87,820571,167,6447566.78,28242,26011,207290,28,1700107,373244.41,86,325,100,45,100018,360855.38,18
Sep/15,126,0.0,2282607.63,68049,0,37025.23,599726.56,288560,152,2848835.22,6390.12,292479.98,16,3751,104,6743345,2592.54,509949,163,43150.0,2.2,90535.65,143797.92,118505.62,60961,611353.41,86,17,295595.0,9.0,313533,3322588,1112172,13,79,76713,16000,1511,183115.55,19.4,399049.58,1179117,153,4042351.77,44707,12539,865174,31,2209291,231227.64,92,327,98,96,190352,402245.56,20
Oct/15,55,0.0,215308.77,79264,0,63625.17,887766.1,365419,167,3017653.67,3168.93,242468.02,17,160,116,4302,366.92,51938,140,457.0,89.2,80458.7,23580.51,43669.21,65369,770023.0,103,5,277868.0,8.0,50195,3274391,80833,12,84,40073,1,1690,143677.58,16.9,206934.14,898453,154,2453432.11,25208,40215,1325578,36,2649758,152238.9,90,345,97,89,141427,496463.74,14
Nov/15,22231,17450.54,69742.64,54417,200,243519.94,834056.03,263565,146,1624696.69,221983.14,348039.91,22,330,121,31816,560.47,18889,146,57069.4,21.7,76506.73,57.0,47304.91,81949,531688.15,103,1,277868.0,10.0,5,2620497,149275,15,86,54477,18054,1846,138615.55,23.6,100469.76,747336,163,2721417.43,27901,124598,1495317,37,4655949,293535.01,81,351,132,75,111794,389519.41,12
Dic/15,294,6196.08,95899.19,56687,58080,88359.02,1798914.67,285513,301,1982389.16,4954.4,432040.54,27,12,154,34000,32.0,610033,189,7133.61,0.0,60591.21,13872.47,172569.51,106172,671460.24,165,3,277868.0,8.0,31105,2658367,128886,2,135,67090,838,2048,224764.84,21.9,587605.67,929046,25,3998669.5,130863,29346,3047421,22,5650392,175568.22,31,684,37,98,105744,355449.56,6
Ene/16,89,0.0,2241634.09,202896,0,196394.79,1689108.12,440479,182,957026.72,2884.2,158021.05,28,808,104,8801628,49722.61,591995,157,1241.26,48.8,266983.5,0.0,30657.33,38258,916758.87,135,0,291178.0,10.0,0,2675011,92984,20,84,90141,40,1933,211212.06,26.1,2023055.02,1055663,149,1358384.77,19664,62573,2715935,44,4341390,146860.63,84,326,105,57,44234,171660.78,16
Feb/16,469,15984.83,2375362.11,63012,450,253723.81,3132144.16,97963,163,1344234.21,9899.97,201506.13,25,264,110,12027661,360.59,28949,144,0.0,77.1,72614.17,46.0,124553.86,55566,247983.49,115,1,291178.0,24.0,8,3023868,344169,12,79,31388,0,1444,77838.9,25.6,164033.53,1239772,176,2529010.63,33979,23903,9780713,27,3371997,278604.56,77,326,106,103,61973,281812.97,15
Mar/16,7173,7.25,4691631.51,67633,0,114155.38,1474373.9,166944,253,1293451.97,37984.09,250244.07,33,276,119,25268862,375.26,436292,177,80.96,42.0,79783.8,2654.65,78509.35,63675,336731.73,134,4,291178.0,26.0,627,4945797,390348,14,121,35183,1,1859,95177.15,18.1,447013.52,821073,156,2538371.4,37689,42078,2429763,37,5933294,350185.9,80,337,104,87,104158,372821.04,16
Abr/16,344,0.0,861367.09,115242,0,153012.57,940062.31,237377,201,2426508.28,6005.93,268957.02,21,234,114,4902846,461.87,28780,158,24726.61,60.9,118101.39,318.17,101520.61,74159,502386.36,92,5,276900.0,9.0,96,2545104,334325,14,91,90445,1505,1963,247827.4,30.0,220900.24,1040839,159,1295384.52,83412,68354,1459708,41,6545056,328996.72,91,335,112,97,76632,394979.23,18
May/16,49,81.73,466200.68,74603,1,61065.8,943298.68,371147,175,2261931.54,743.81,113215.11,18,9204,135,3000096,73416.43,47020,155,66934.29,49.3,91078.74,10176.34,110715.38,27018,740044.14,165,6,276900.0,8.0,24423,2689880,196092,19,107,68522,3189,2247,158684.46,24.2,258874.15,1271612,163,3738895.25,58563,38850,1421997,40,6273612,237800.42,90,346,112,95,64430,346879.2,23
Jun/16,48,987.68,211577.55,63525,50,122200.28,571704.93,328315,193,2262517.93,600.13,100814.41,26,2791,102,1101100,3756.38,953779,149,248231.21,0.6,78783.74,8573.0,37963.4,25800,633447.12,106,4,276900.0,7.0,24049,3346391,233037,18,93,34512,22455,1865,105826.01,23.6,877627.71,1083855,151,2310593.12,24070,26170,676069,36,3769702,241132.16,88,332,104,76,47305,221659.08,16
Jul/16,3078,1505.98,8782.58,71970,64,87882.14,702326.25,471439,156,3538525.3,61495.16,114132.73,19,201,104,66,373.01,38260,141,0.0,1.1,88887.32,2930.04,78649.77,32883,1152615.49,94,5,283781.0,9.0,817,6077820,167817,15,96,44204,0,1824,125176.75,23.75,229241.38,1257053,157,3130116.77,66805,61299,1061285,37,2216324,245904.38,91,291,97,84,78352,363058.79,9
Ago/16,27683,649.28,111190.88,294832,6,215721.59,321765.4,439311,189,1977077.18,214715.56,190105.42,20,25176,146,18153,8504.63,58372,160,0.0,0.1,401658.55,8862.19,65641.38,41706,956079.14,74,6,283781.0,6.0,24072,5125205,200518,13,116,34298,0,2658,90555.97,23.3,405213.73,1030377,165,3443705.64,30582,78128,357290,39,1798532,300114.91,96,333,110,81,142697,493520.69,27
Sep/16,58,21505.56,153749.25,83238,476,53825.61,601613.27,464319,200,1621881.1,2478.6,293102.8,22,15026,124,46874,6947.34,440982,150,5600.63,3.6,91854.49,351.46,100551.23,63626,1184445.51,75,4,283781.0,9.0,420,3115258,326975,16,102,46690,38,1317,185897.22,21.1,468804.27,1374175,158,2913638.21,39672,33613,1072040,38,3732375,337868.11,96,362,118,114,142722,513071.07,15
Oct/16,189,0.0,15123.24,67877,0,184979.04,1049376.16,459047,241,2399691.86,4384.2,46877.58,23,254,108,2449,386.41,24859,164,47360.0,40.9,91383.05,349.55,46758.04,22713,1240748.48,98,4,266884.0,13.0,88,2449005,287144,15,97,57719,15050,2145,231086.52,22.5,153380.87,1613547,160,5249678.25,25828,71996,1310932,43,4799001,285242.56,92,370,117,85,155865,558333.71,17
Nov/16,394,14752.5,1367143.67,77855,625,54038.19,911970.05,289468,178,3197344.1,15068.24,367306.93,20,12262,102,4583847,28889.12,19210,158,4451.45,186.1,85264.33,10695.62,15338.55,75815,664454.93,113,4,266884.0,7.0,2134,2855971,360620,18,91,46561,115,2059,105812.0,21.4,181682.69,2282073,150,3414539.32,2372,20819,1569340,35,8419038,357924.48,69,338,116,127,112972,483040.08,24
Dic/16,26,123129.25,26034.76,71023,5140,166960.1,1887280.16,354209,303,1778983.66,337.87,311053.63,23,5967,113,4685,4762.32,503816,170,0.0,181.1,105737.34,1071.39,44592.2,69442,892627.02,98,4,266884.0,15.0,3014,2095038,44755,16,101,19812,0,1839,84097.39,23.05,571875.95,1647984,148,2479940.17,8132,52128,3179457,47,3696543,93480.94,101,356,126,81,104809,387277.43,14
Ene/17,2941,0.0,22836.44,68412,0,137026.81,1770844.2,518507,314,770265.08,15224.96,202007.5,30,338,99,5050,514.78,15932,142,45144.76,15.6,68746.45,311.28,78288.37,52785,1242678.72,54,4,282844.0,10.0,59,2666062,278474,15,89,34647,17000,2076,70393.74,26.1,113871.38,667477,155,2453844.08,51337,17092,2767615,40,1015856,304466.02,72,311,110,58,123296,351876.29,15
Feb/17,1652,42377.5,28571.77,73569,698,157781.25,1328134.38,213104,279,1802217.15,11947.06,108398.95,24,171,92,3869,309.28,27448,151,0.0,81.9,82836.74,373.0,73434.66,27737,435789.89,80,5,282844.0,9.0,87,2314994,115982,13,96,53574,0,1611,108753.15,27.2,201781.18,914529,141,2490395.05,65790,66300,2487279,36,1791627,155438.55,87,312,115,159,85961,360602.0,15
Mar/17,5079,77818.86,94670.63,62094,1308,149976.66,1923925.09,119922,351,1560793.41,47108.25,120042.35,21,254,94,60659,328.95,1158733,153,201236.73,49.2,68287.53,10031.93,37842.97,43858,281591.37,139,10,282844.0,10.0,24444,2577410,313143,12,83,68150,59127,1790,242656.65,24.7,2115098.18,942957,157,8593628.35,6699,51173,3663372,26,4960501,459593.51,113,314,115,88,83912,284026.1,14
Abr/17,1570,0.0,2833369.35,58747,0,264322.74,1416787.87,60001,190,736443.84,17343.43,81226.04,26,285,133,11907441,445.82,42838,147,160369.8,85.1,63762.69,235.58,27766.46,22167,148853.33,127,4,267162.0,9.0,51,2807037,208690,17,121,33506,16074,2113,70092.69,30.0,284604.02,803946,154,3868519.57,6613,116973,2370005,22,2783273,338135.75,94,297,103,77,73582,437706.14,14
May/17,7591,0.0,22502.64,62448,0,119101.83,1507850.95,412222,30,2404891.54,78989.22,79364.81,6,10,55,13040,112.27,39324,22,25010.13,22.1,112793.4,9303.61,45553.95,16786,913612.92,140,6,267162.0,8.0,24064,3003554,435797,3,36,34419,3073,2302,90890.87,23.9,246306.55,1200091,40,4042222.1,11712,53167,2240413,21,3227532,469935.16,42,39,8,100,52578,295760.41,15
Jun/17,2216,0.0,10623.41,85463,0,170472.7,383311.67,241750,173,1422335.24,10769.69,62234.36,28,17132,94,489,38771.21,162605,137,6386.41,0.0,143193.24,432.21,115648.5,19990,541004.96,193,5,267162.0,8.0,131,1611147,537418,16,71,42580,348,1561,167280.5,22.5,347937.18,1317549,161,2471702.63,47700,34706,563552,37,3549058,571532.15,87,267,95,89,61411,261253.11,16
Jul/17,1709,0.0,59628.23,54559,0,273837.44,873829.1,424554,227,3584402.08,25163.58,128630.06,34,232,110,12903,249.88,51196,180,141495.5,0.1,68216.28,9145.16,46233.64,26368,973934.63,157,5,272887.0,8.0,24080,3047992,344123,11,108,28039,49609,2162,69432.92,30.0,383720.91,2395921,168,2101864.12,8493,121174,934037,33,2515941,351044.18,95,317,115,72,67641,341178.48,36
Ago/17,1936,0.0,11939.34,83858,0,38099.58,2234993.92,489282,183,1136206.75,8172.78,99831.04,31,2443122,111,12125,507653.88,38319,146,37630.0,1.5,138085.82,713.75,47977.91,21448,1101229.71,181,7,272887.0,9.0,181,3060869,301989,16,100,67554,15036,2228,310482.37,22.2,264495.17,1018227,152,2806140.75,12060,23612,8356420,37,3655647,317361.39,80,315,97,115,114441,422602.87,20
Sep/17,6830,0.0,29672.53,117743,0,150161.05,763971.45,280377,172,2974003.8,29019.03,78026.16,21,18187,105,8941,25313.09,315698,138,0.0,1.7,153422.19,1561.74,42843.79,23182,605468.74,73,7,272887.0,8.0,1989,2231355,393699,16,100,28051,0,1448,67800.2,19.2,378225.34,1455366,164,1780249.38,9497,48236,866668,42,1589623,348863.49,83,315,107,101,173068,473844.82,22
Oct/17,5237,2797.5,28354.07,24067,400,133166.7,840783.64,340285,165,2748439.94,25341.28,37672.42,29,313,80,17313,524.37,43199,136,48578.23,29.0,22524.83,1345.02,35937.33,25414,665243.22,92,7,258272.0,8.0,228,2911871,552213,18,62,54444,18501,2711,206546.06,21.7,258297.74,913930,177,2591812.9,3454,90859,1182016,33,1641873,666198.47,97,313,115,124,140900,569011.97,24
Nov/17,4012,10277.77,144503.22,116197,155,51802.85,731480.27,103177,184,3667163.36,18346.22,899362.77,26,478,118,53312,1826.95,34703,145,146232.68,121.1,178494.25,2879.05,67325.04,697892,193214.84,166,10,258272.0,22.0,772,2532096,320805,16,94,85417,52167,2049,330730.2,18.9,226111.66,1450908,163,3281146.57,14195,39507,1300326,33,3065568,378948.4,83,317,134,143,117039,470981.75,25
Dic/17,1705,55632.62,272124.19,119709,995,154674.91,1688314.09,158247,152,2486995.16,14113.44,762228.89,29,4254,112,136925,11754.58,403873,149,0.0,101.1,133091.11,1566.85,81021.62,279827,301632.51,174,7,258272.0,21.0,275,2515082,494276,14,87,65294,0,1939,94450.33,24.2,510913.54,909805,196,1472737.14,12591,29129,3265438,21,2461376,559500.84,87,290,144,76,93375,348511.66,22
Ene/18,2877,7.75,64726.41,78887,0,60306.32,3379299.93,324712,185,2952495.94,12796.74,693499.86,27,287,124,17454,420.59,32766,139,73081.64,82.0,72532.3,16400.27,27785.62,239247,596503.05,139,9,270438.0,10.0,22509,2124526,265673,17,85,24636,24500,1618,60090.24,26.1,174249.83,965433,164,4825261.09,4755,50944,10891638,33,2245553,339562.41,65,249,110,80,112096,355040.37,34
Feb/18,18542,0.0,1445487.67,55911,0,11148.03,1855788.07,375154,32,640064.86,158903.77,430093.49,5,18060,78,4399855,31441.05,23481,28,45857.41,72.3,60360.81,4640.17,20646.08,155367,637502.75,177,5,270438.0,23.0,150,2666781,363369,4,37,49826,16001,1560,108516.69,18.6,115950.3,1452081,74,1492885.85,2274,3281,4426497,21,3284644,467073.67,51,89,46,87,91313,371324.25,6
Mar/18,4601,668.05,40995.07,108822,5,190572.41,1186374.28,357418,37,1826126.05,30118.94,1780987.87,8,153,80,69,512.66,573559,41,0.0,286.0,128152.48,4672.3,41362.43,626309,612028.38,179,6,270438.0,22.0,13287,3217316,389862,3,38,36978,0,1189,81685.92,33.1,538848.0,1201887,79,1973284.8,7599,67640,3188769,18,3262054,434501.15,116,83,53,85,57668,340448.55,14
Abr/18,4830,465.86,37235.16,97654,40,129056.47,1752637.14,259692,37,2411248.71,24369.89,981077.78,7,0,99,17916,0.0,47861,45,0.0,88.9,129925.98,23315.16,30179.17,336067,474021.37,208,4,255947.0,11.703389830508476,54799,2553933,193140,0,54,50017,0,1566,264234.29,23.19957627118644,195291.75,747242,77,807015.19,5505,73086,2974767,16,4979809,218112.17,53,116,55,104,58164,350343.78,7
May/18,3339,31118.82,23855.0,98248,500,179929.15,2396253.09,192832,63,1223599.75,19494.53,826663.16,2,30,68,25203,221.59,17144,42,0.0,7.6,178574.01,3635.07,98004.07,311394,369476.86,161,1,255947.0,8.0,396,2889079,362412,1,38,59689,0,1908,96362.18,20.6,119284.27,2008863,78,2914927.39,29282,45438,4204833,15,2713864,444400.75,57,71,48,98,65817,335178.56,5
Jun/18,2446,48684.66,55643.88,72170,1000,125080.29,2322201.51,428133,33,1567157.43,16070.77,850136.94,10,27564,76,12398,10441.62,871013,41,0.0,1.5,123040.59,133.14,59049.07,294369,704985.71,141,2,255947.0,8.0,42,2867913,555645,4,43,24795,0,1435,59251.45,20.8,472614.43,990648,89,3976058.77,9806,16476,4927018,24,2297289,571434.94,60,83,55,85,74338,344813.61,5
Jul/18,24937,0.0,16837.39,68781,0,156599.23,2701308.68,243460,38,1270241.91,82141.81,102255.87,2,18451,49,54,36304.24,65368,42,101053.72,0.0,124261.36,8584.21,50665.59,23799,537593.79,127,3,261898.0,10.0,24034,4513600,333403,4,30,40035,4050,2058,192140.07,17.5,425264.89,1982796,75,1141883.38,11706,40636,9058866,17,2619213,304831.45,93,80,57,108,77414,463241.4,7
Ago/18,1717,33265.86,8412.22,63108,500,111892.85,1696872.66,671513,50,1237437.22,8427.68,141252.89,8,22002,63,156,35734.11,47335,59,0.0,0.0,116744.55,256.75,49196.23,26300,1339301.61,82,3,261898.0,3.0,96,2426020,350369,3,45,663790,0,1264,398730.74,24.4,272401.51,872937,90,519743.1,6370,36648,8036733,31,1579299,283847.13,64,110,54,89,109901,452875.24,8
Sep/18,2797,52.42,15240.35,55524,3,176870.73,2868912.4,443982,48,2947031.58,19663.14,43082.27,6,30,38,55,51.99,791794,32,51477.08,0.3,56548.15,6530.64,21595.04,16443,838653.24,121,3,261898.0,8.0,10283,2950024,360465,1,24,38529,18701,1662,236826.88,20.8,892656.73,5069543,90,1192838.36,7737,118080,13186744,26,2155474,353067.76,134,83,62,104,100575,416628.54,6
Oct/18,6299,37060.08,70222.93,85747,812,85817.07,647570.94,356941,45,5446526.96,28982.13,55138.05,19,84,50,12238,125.09,79424,52,633.94,106.3,171307.72,0.0,205680.23,24832,685087.44,173,0,249537.0,18.0,0,2123750,298896,2,22,32506,2,2006,73850.94,23.3,247662.72,10260331,67,10218111.01,74201,75675,739023,24,3589875,340121.88,62,94,64,142,177460,834117.57,10
Nov/18,4678,47735.54,410564.1,58438,700,154146.69,1519868.46,426716,37,5960255.02,39319.69,972808.1,11,2,78,169304,137.9,79659,46,100692.0,121.1,114523.18,4106.83,66814.2,346861,769908.09,154,3,249537.0,22.0,110,1952235,351091,2,41,32081,30691,1535,87818.01,18.9,243999.3,10180738,75,107183.52,8243,42222,2108616,28,2851378,443289.83,60,113,82,104,117836,421825.5,7
Dic/18,2050,122429.66,226679.2,51842,2000,180975.9,2039828.5,100849,44,1075280.04,19124.66,58588.14,28,56,53,115751,333.89,1993326,50,316.08,25.0,97728.66,53.0,60013.92,16371,185864.0,143,1,249537.0,9.0,6,2025055,260556,4,30,639649,1,2041,409025.16,21.9,1428427.46,1026920,91,144563.44,14975,40232,2938267,14,2084414,294325.63,129,108,75,103,116006,440798.16,6
